{"cameraMode":{"drawMode":0,"name":"Shaded","section":"Shading Mode"},"sceneLighting":true,"audioPlay":false,"sceneViewState":{"m_AlwaysRefresh":false,"showFog":true,"showSkybox":true,"showFlares":true,"showImageEffects":true,"showParticleSystems":true,"showVisualEffectGraphs":true,"m_FxEnabled":true},"in2DMode":false,"pivot":{"x":-30.38376235961914,"y":0.0176544189453125,"z":177.37713623046876},"rotation":{"x":-0.07373534888029099,"y":0.014057540334761143,"z":-0.0010404755594208837,"w":-0.9971802234649658},"size":262.8154296875,"orthographic":false}